"Name","Description","List","Labels","Checklist"
"US-01 Alinhar a reformulação com o professor","Como equipe, quero apresentar a reformulação de escopo ao professor e obter uma resposta explícita, para comprar hardware sabendo que o recorte está aceito.

Epico: E1 - Coordenação
Frente: Coordenação
Dono: João
Pontos: 3
Origem no cofre: T1

CRITERIOS DE ACEITE
- A conversa começou pelo que mantém a proposta dele, não pela crítica
- O argumento do calçadão da XV foi apresentado como *pergunta interessante*, não como correção
- Existe resposta explícita registrada: aceito · aceito com ressalvas · recusado
- O novo título do trabalho foi confirmado com ele
- O resultado está em Registro de Decisões com data
- P-02 foi fechada em Status das Pendências
","Sprint 1","Coordenação,Sprint 1,3 pts,João,T1","Reler A Hipótese em Teste e montar o roteiro de 5 minutos | Marcar a conversa (presencial, ou e-mail com o argumento escrito) | Apresentar o calçadão da XV como caso concreto | Confirmar o título e o recorte | Registrar a resposta em Registro de Decisões | Fechar P-02 em Status das Pendências"
"US-02 Fechar o rateio financeiro e quem compra","Como grupo, quero o dinheiro acertado antes da compra, para ninguém adiantar R$500 e cobrar depois.

Epico: E1 - Coordenação
Frente: Coordenação
Dono: Guilherme Falcão
Pontos: 1
Origem no cofre: P-07, P-08

CRITERIOS DE ACEITE
- O valor por pessoa está definido e comunicado aos 5 (~R$100, ver Orçamento em Camadas)
- Existe um único responsável pela compra, nominal
- Existe prazo de reembolso combinado, não ""depois a gente vê""
- Ficou combinado que todas as notas fiscais são guardadas — a feira às vezes pede comprovação de custo
- P-07 e P-08 fechadas
","Sprint 1","Coordenação,Sprint 1,1 pt,Guilherme Falcão,P-07,P-08","Levar o total estimado de Orçamento em Camadas para o grupo | Definir quem compra (um CPF só, para simplificar frete e rastreio) | Combinar prazo e forma de reembolso | Combinar quem guarda as notas fiscais | Fechar P-07 e P-08"
"US-03 Repositório GitHub com estrutura e README","Como equipe, quero o projeto versionado desde antes da primeira linha de firmware, para não reorganizar arquivos soltos na véspera da feira.

Epico: E1 - Coordenação
Frente: Coordenação
Dono: Arthur
Pontos: 2
Origem no cofre: P-09

CRITERIOS DE ACEITE
- O repositório existe e os 5 membros têm acesso de escrita
- A árvore é /firmware, /analise, /dados — a estrutura prevista em Entregáveis
- O .gitignore foi criado antes do primeiro commit
- O README traz título, resumo de uma frase e link para o cofre
- GitHub Pages está habilitado — é onde T18 publica o mapa
- P-09 fechada
","Sprint 2","Coordenação,Sprint 2,2 pts,Arthur,P-09","Criar o repositório e convidar os 5 | Escrever o .gitignore (dados brutos grandes, __pycache__, .DS_Store) | Criar /firmware, /analise, /dados com .gitkeep | Escrever o esqueleto do README | Habilitar GitHub Pages e confirmar que uma página vazia abre | Fechar P-09"
"US-04 Confirmar a data da feira e reancorar o cronograma","Como equipe, quero a data real da feira, para parar de planejar em cima de uma suposição que desloca 12 sprints se estiver errada.

Epico: E1 - Coordenação
Frente: Coordenação
Dono: Gustavo Juks
Pontos: 1
Origem no cofre: P-03

CRITERIOS DE ACEITE
- A data (ou a semana) da feira está confirmada por fonte oficial — coordenação, edital ou o professor
- Se for diferente de 11–17/11/2026, Plano de Sprints e WBS e Gantt foram reancorados na mesma semana
- O critério de avaliação está confirmado por escrito: demo ao vivo, relatório entregue e arguição oral
- P-03 fechada
","Sprint 2","Coordenação,Sprint 2,1 pt,Gustavo Juks,P-03","Perguntar à coordenação ou ao professor a data e o formato | Confirmar o que pontua e com que peso | Se a data mudou, deslocar as sprints em Plano de Sprints | Atualizar a âncora em WBS e Gantt e em Progresso do Projeto | Fechar P-03"
"US-05 Fechar as 12 datas de campo com confirmação nominal","Como equipe, quero as 12 sessões marcadas no calendário com o nome de quem vai, para descobrir agora — e não em outubro — que as 5 agendas não fecham.

Epico: E1 - Coordenação
Frente: Coordenação
Dono: Guilherme Falcão
Pontos: 2
Origem no cofre: P-06

CRITERIOS DE ACEITE
- As 12 datas estão num calendário compartilhado, cada uma com os 5 nomes confirmados
- Existem 2 datas de reserva para chuva (D-12)
- Cada sessão tem motorista definido, ponto de encontro e horário de saída
- Está definido quem imprime as planilhas antes de cada sessão
- A decisão de janela horária (P-14) está refletida no horário marcado
- P-06 fechada
","Sprint 3","Coordenação,Sprint 3,2 pts,Guilherme Falcão,P-06","Levantar a grade de aula e os compromissos fixos dos 5 | Propor as 12 datas dentro da janela viável | Obter confirmação nominal de cada um, por escrito | Marcar as 2 datas de reserva | Definir motorista, ponto de encontro e horário por sessão | Publicar o calendário e fechar P-06"
"US-06 Esqueleto do firmware no Wokwi","Como equipe sem hardware na mão, quero o firmware rodando no simulador, para chegar na bancada com código pronto em vez de começar do zero quando as peças chegarem.

Epico: E2 - Firmware / DSP
Frente: Firmware-DSP
Dono: João
Pontos: 5
Origem no cofre: T4

CRITERIOS DE ACEITE
- O projeto Wokwi abre com ESP32 + SD + OLED SSD1306 + RTC DS3231
- O RTC entrega data e hora formatadas
- O OLED mostra a tela de campo: nível, ponto, tempo decorrido
- O firmware escreve uma linha por medição no cartão e fecha o arquivo a cada escrita
- Existe máquina de estados: ocioso → medindo → gravando → ocioso
- O link do projeto Wokwi está no README do repositório
","Sprint 2","Firmware-DSP,Sprint 2,5 pts,João,T4","Montar o circuito no Wokwi (ver Wokwi e Firmware) | Ler e formatar a hora do DS3231 (I2C) | Desenhar a tela de campo no SSD1306 | Escrever e ler arquivo no cartão SD (SPI, FAT32) | Implementar a máquina de estados da sessão | Tratar erro de cartão ausente sem travar o loop | Commitar em /firmware e linkar no README"
"US-07 Congelar o formato do CSV da estação","Como pipeline de dados, quero o formato do arquivo definido antes de existir dado, para não descobrir em S9 que falta uma coluna em 48 medições.

Epico: E2 - Firmware / DSP
Frente: Firmware-DSP
Dono: João
Pontos: 2
Origem no cofre: T4

CRITERIOS DE ACEITE
- O cabeçalho está congelado: timestamp_iso, ponto_id, sessao_id, laeq_db, lmax_db, l10_db, l90_db, amostras, temp_c, obs
- sessao_id e ponto_id casam com os campos da planilha de Contagem Manual — é a chave que junta os dois conjuntos
- O ponto-âncora é gravado com ponto_id reservado e reconhecível
- Existe arquivo de exemplo commitado em /dados
- O formato está documentado em Protocolo de Medição
","Sprint 2","Firmware-DSP,Sprint 2,2 pts,João,T4","Conferir o cabeçalho contra Protocolo de Medição | Definir o ponto_id reservado da âncora | Definir a convenção de sessao_id | Gerar um CSV de exemplo com 5 linhas e commitar | Registrar o formato congelado no cofre"
"US-08 Filtro de ponderação A no desktop","Como estação de medição, quero aplicar a ponderação A ao sinal, para produzir dB(A) e não dB puro — que é o descritor que norma e literatura usam.

Epico: E2 - Firmware / DSP
Frente: Firmware-DSP
Dono: João
Pontos: 5
Origem no cofre: T5

CRITERIOS DE ACEITE
- O filtro roda no desktop sobre um arquivo WAV, sem hardware
- A resposta em frequência do filtro implementado foi comparada com a curva de ponderação A de referência
- A diferença aceita foi definida e registrada como número, não como ""ficou parecido""
- O código está em /analise, com o WAV de teste em /dados
","Sprint 3","Firmware-DSP,Sprint 3,5 pts,João,T5","Estudar Ponderação A e LAeq e escolher a forma de implementação | Implementar o filtro no desktop | Gerar tons puros de teste em frequências conhecidas | Levantar a resposta do filtro e comparar com a curva de referência | Registrar a tolerância aceita | Commitar em /analise"
"US-09 LAeq, Lmax, L10 e L90 validados contra WAV","Como relatório, quero os quatro descritores calculados corretamente, para poder afirmar um número em dB(A) sem que a banca o derrube.

Epico: E2 - Firmware / DSP
Frente: Firmware-DSP
Dono: João
Pontos: 5
Origem no cofre: T5

CRITERIOS DE ACEITE
- LAeq, Lmax, L10 e L90 são calculados a partir do sinal ponderado em A
- A média é energética, nunca aritmética — ver o aviso em Acústica e dB(A)
- O resultado foi comparado com uma implementação de referência sobre o mesmo WAV
- A diferença encontrada foi anotada com o número, conforme Verificação item 2
- O cálculo roda sobre uma janela de 10 minutos (D-11)
","Sprint 4","Firmware-DSP,Sprint 4,5 pts,João,T5","Implementar RMS e integração no tempo | Implementar os percentis L10 e L90 | Conferir que a média de dB é energética | Rodar contra o WAV de referência e comparar | Anotar o número da diferença em Verificação | Testar com janela de 10 min"
"US-10 INMP441 lendo I2S com RMS estável","Como operador, quero o microfone entregando amostras reais na bancada, para saber que existe sinal antes de investir em DSP embarcado.

Epico: E2 - Firmware / DSP
Frente: Firmware-DSP
Dono: João
Pontos: 5
Origem no cofre: T7

CRITERIOS DE ACEITE
- O ESP32 lê amostras I2S do INMP441 sem NaN e sem valor constante
- Teste de Verificação item 1 passa: silêncio → palma → música → silêncio, e o valor volta ao repouso
- O RMS em silêncio é estável — oscilação em silêncio é piso de ruído ou aterramento ruim
- A pinagem usada foi preenchida na tabela de Montagem e Ligações
","Sprint 5","Firmware-DSP,Sprint 5,5 pts,João,T7","Estudar ESP32 e I2S e conferir o pino L/R | Configurar o periférico I2S e imprimir amostras cruas | Calcular RMS por bloco e imprimir | Rodar o teste silêncio → palma → música → silêncio | Diagnosticar leitura de zeros, se ocorrer (L/R, WS/SCK trocados) | Preencher a pinagem em Montagem e Ligações"
"US-11 DSP no ESP32 gravando CSV no microSD","Como estação, quero calcular os descritores a bordo e gravar no cartão, para produzir em campo o arquivo que o pipeline espera.

Epico: E2 - Firmware / DSP
Frente: Firmware-DSP
Dono: João
Pontos: 5
Origem no cofre: T8

CRITERIOS DE ACEITE
- O filtro validado na US-08 roda no ESP32 sem estourar o tempo real
- Uma medição de 10 min gera uma linha no CSV, no formato congelado da US-07
- O OLED mostra o nível se movendo durante a medição
- O valor a bordo bate com o cálculo do desktop sobre a mesma entrada, dentro da tolerância registrada
","Sprint 6","Firmware-DSP,Sprint 6,5 pts,João,T8","Portar o filtro de ponderação A para o ESP32 | Integrar RMS e percentis no loop de aquisição | Medir o tempo de processamento por bloco e confirmar que sobra folga | Gravar a linha de CSV ao fim da janela de 10 min | Comparar o resultado a bordo com o do desktop | Exibir o nível ao vivo no OLED"
"US-12 O dado sobrevive a queda de energia","Como grupo que só tem um cartão de memória, quero garantir que puxar o cabo não corrompe o arquivo, para não perder uma sessão de campo inteira por causa de um arquivo truncado.

Epico: E2 - Firmware / DSP
Frente: Firmware-DSP
Dono: João
Pontos: 3
Origem no cofre: T8

CRITERIOS DE ACEITE
- A estação foi desligada na tomada no meio de uma gravação, pelo menos 3 vezes
- O arquivo da medição anterior está íntegro e legível nas 3 vezes
- O arquivo é fechado a cada linha escrita, não só no fim da sessão
- O resultado foi anotado em Verificação
","Sprint 6","Firmware-DSP,Sprint 6,3 pts,João,T8","Garantir flush/close a cada linha gravada | Executar 3 desligamentos abruptos no meio da gravação | Abrir os arquivos e conferir integridade | Testar cartão ausente e cartão cheio | Anotar o resultado em Verificação"
"US-13 Modo demo: dB ao vivo via HTTP e OLED","Como visitante do stand, quero falar perto do microfone e ver o número subir, para entender em 15 segundos o que o projeto faz.

Epico: E2 - Firmware / DSP
Frente: Firmware-DSP
Dono: João
Pontos: 3
Origem no cofre: T19

CRITERIOS DE ACEITE
- O OLED mostra dB(A) atualizando pelo menos 2× por segundo
- O ESP32 sobe um servidor HTTP servindo o valor atual
- A página abre no celular pela rede local, sem instalar nada
- A estação entra em modo demo em menos de 1 minuto desde ligar (Verificação item 8)
- O modo demo não interfere no modo de medição
","Sprint 9","Firmware-DSP,Sprint 9,3 pts,João,T19","Reaproveitar o que foi aprendido no SIA-C sobre servidor HTTP no ESP32 | Servir o valor atual numa página simples que se atualiza sozinha | Separar modo demo de modo medição na máquina de estados | Medir o tempo de boot até mostrar número | Testar num celular alheio"
"US-14 (CONCLUIDA) Cotação e fechamento do modelo de ESP32 e decibelímetro","CONCLUIDA em 28/08/2026.

Como comprador, quero preços reais em mãos, para decidir entre WROOM-32 e S3 com número, e não com preferência.

Epico: E3 - Hardware / calibração
Frente: Hardware-calibração
Dono: João
Pontos: 3
Origem no cofre: T2

CRITERIOS DE ACEITE
- O prompt de cotação de Lista de Componentes foi rodado e as respostas estão registradas
- Os valores reais substituíram as estimativas em Orçamento em Camadas — *pendente da padronização do cofre*
- P-12 decidida: WROOM-32 ou ESP32-S3 — ⚠️ deliberadamente em aberto, será discutida com o professor
- P-13 encerrada: o decibelímetro não será comprado, por preço
- O total cabe em R$500 — R$398 no cenário completo, desde que o decibelímetro fique de fora
- Confirmado no datasheet do INMP441: sensibilidade e ponto de sobrecarga acústica
- P-01 fechada
","Sprint 1","Hardware-calibração,Sprint 1,3 pts,João,T2,concluida","Rodar o prompt de cotação de Lista de Componentes | Preencher os preços reais em Orçamento em Camadas | Comparar WROOM-32 × S3 — ⚠️ levar as duas opções ao professor (P-12) | Decibelímetro: descartado da compra por preço (P-13) | Registrar a sensibilidade do INMP441 em Calibração | Conferir se o total cabe em R$500 — cabe, sem o decibelímetro | Fechar P-01; P-13 encerrada; P-12 mantida aberta de propósito | Corrigir a regra de alimentação do microSD em Montagem e Ligações — é 5V/VIN, não 3V3"
"US-15 Compra efetivada","Como projeto, quero o pedido feito, para o relógio de 3 a 10 dias de entrega começar a correr o quanto antes.

Epico: E3 - Hardware / calibração
Frente: Hardware-calibração
Dono: Guilherme Falcão
Pontos: 1
Origem no cofre: T2

CRITERIOS DE ACEITE
- P-12 decidida com o professor antes de fechar o carrinho
- O pedido foi feito em loja nacional, por um único CPF
- O grosso do pedido foi consolidado num carrinho único no Mercado Livre Full, para zerar o frete — comprar espalhado em 6 lojas somaria >R$150 de frete
- O cartão microSD SanDisk foi comprado na Amazon, vendido e entregue pela Amazon — falsificação de cartão corrompe log em campo
- 2 unidades do INMP441 foram compradas — é a peça mais crítica e a mais frágil (Riscos)
- O cabo USB é de dados e tem o conector certo para o DevKit escolhido (USB-C no S3, micro-USB no WROOM-32)
- Nada foi comprado na UsinaInfo — a cotação alerta para atrasos superiores a 7 dias para Curitiba
- O número de rastreio está registrado e compartilhado com o grupo
- A data prevista de entrega está anotada em Progresso do Projeto
- As notas fiscais foram guardadas
","Sprint 2","Hardware-calibração,Sprint 2,1 pt,Guilherme Falcão,T2","Fechar P-12 com o professor | Montar o carrinho consolidado no Mercado Livre Full | Comprar o cartão microSD à parte, na Amazon | Comprar a espuma anti-vento (Shopee ou loja de áudio) | Comprar e guardar todas as notas fiscais | Registrar rastreio e data prevista | Avisar o grupo e cobrar o reembolso combinado na US-02"
"US-16 Recebimento, inventário e montagem em protoboard","Como grupo sem experiência com ESP32 físico, quero montar um módulo por vez, para saber exatamente qual peça quebrou quando algo não funcionar.

Epico: E3 - Hardware / calibração
Frente: Hardware-calibração
Dono: Guilherme Conde
Pontos: 5
Origem no cofre: T6

CRITERIOS DE ACEITE
- Todas as peças do pedido foram conferidas contra a nota e nada falta
- A tensão 3V3 foi conferida com multímetro antes de energizar qualquer módulo
- A ordem de Montagem e Ligações foi seguida: ESP32 → OLED → RTC → microSD → INMP441
- Cada etapa passou antes da seguinte começar
- O RTC mantém a hora depois de desligar e religar (teste da bateria)
- O cartão foi formatado em FAT32 e um arquivo de teste foi escrito e lido
- Foto da montagem tirada e commitada
","Sprint 4","Hardware-calibração,Sprint 4,5 pts,Guilherme Conde,T6","Conferir o pedido item a item contra a nota fiscal | Medir 3V3 e VIN com multímetro e anotar a serigrafia da placa | Blink só com o ESP32, com cabo de dados | Ligar o OLED e mostrar um ""Hello"" (I2C) | Ligar o RTC, acertar a hora e testar o desliga-religa | Ligar o microSD e escrever/ler um arquivo (FAT32) | Ligar o INMP441 e confirmar que chegam bits | Fotografar a montagem e commitar"
"US-17 Montagem física: caixa, windscreen e tripé","Como operador em campo, quero a estação num corpo rígido em cima do tripé, para o dado não depender de nenhum fio balançando.

Epico: E3 - Hardware / calibração
Frente: Hardware-calibração
Dono: Guilherme Conde
Pontos: 3
Origem no cofre: T10

CRITERIOS DE ACEITE
- O microfone fica fora da caixa, com windscreen — microfone dentro de caixa fechada mede a caixa
- O furo do microfone está vedado contra chuva leve sem obstruir a porta acústica do MEMS
- Nenhum fio fica solto: tudo preso com abraçadeira ou cola quente depois de validado
- O cartão SD é acessível sem abrir a caixa
- O display fica visível com a caixa fechada
- A estação fixa no tripé e chega a 1,3–1,5 m do solo
","Sprint 5","Hardware-calibração,Sprint 5,3 pts,Guilherme Conde,T10","Furar a caixa para microfone, cabo e visor | Montar o microfone externo com o windscreen | Vedar o furo sem tampar a porta acústica | Prender os fios e revalidar cada módulo depois de fechar | Resolver a fixação no tripé (rosca 1/4"" ou braçadeira) | Conferir a altura de 1,3–1,5 m"
"US-18 Autonomia de 3 horas no power bank","Como grupo em campo, quero saber que a bateria aguenta a sessão inteira, para não descobrir isso no terceiro ponto de uma saída de sábado.

Epico: E3 - Hardware / calibração
Frente: Hardware-calibração
Dono: Guilherme Conde
Pontos: 2
Origem no cofre: T10

CRITERIOS DE ACEITE
- A estação mediu 3 horas contínuas alimentada só pelo power bank
- Nenhum reinício e nenhum brownout no período
- O arquivo gerado nas 3 horas está íntegro
- O resultado foi anotado com o número em Verificação
","Sprint 6","Hardware-calibração,Sprint 6,2 pts,Guilherme Conde,T10","Carregar o power bank e iniciar a medição de 3h | Registrar quedas, reinícios e consumo aproximado | Abrir o arquivo e conferir a continuidade dos timestamps | Anotar o resultado em Verificação"
"US-19 Conseguir o instrumento de referência emprestado","Como responsável pela calibração, quero descobrir o quanto antes se a PUC empresta um instrumento de referência, porque não existe mais alternativa comprada se a resposta for não.

Epico: E3 - Hardware / calibração
Frente: Hardware-calibração
Dono: Guilherme Conde
Pontos: 1
Origem no cofre: T9

CRITERIOS DE ACEITE
- O laboratório de física e o de engenharia da PUC foram perguntados, com nome de quem respondeu em cada um
- A pergunta cobriu as duas possibilidades: calibrador acústico (pistonfone 94 dB @ 1 kHz) ou decibelímetro classe 2 emprestado
- Existe resposta clara de cada um: empresta · não empresta · empresta com condição
- Se emprestar: marca, modelo, condições e data de disponibilidade anotados em Calibração
- Se emprestar com data marcada: a data é posterior ao fechamento da caixa e do windscreen (US-17), porque a calibração precisa ser feita com a estação montada
- Se ninguém emprestar: a decisão de contingência foi tomada e registrada, escolhendo entre as três saídas da tabela abaixo — e não empurrada para a frente
- P-05 fechada
","Sprint 2","Hardware-calibração,Sprint 2,1 pt,Guilherme Conde,T9","Identificar a quem perguntar no laboratório de física e no de engenharia | Perguntar por calibrador acústico / pistonfone 94 dB @ 1 kHz | Perguntar também por decibelímetro classe 2 emprestado | Perguntar ao professor se ele conhece outro caminho (contato em laboratório, empresa, outro curso) | Registrar cada resposta e o nome do contato em Calibração | Se não houver empréstimo, decidir a contingência na mesma sprint e registrar em Registro de Decisões | Fechar P-05"
"US-20 Calibração por transferência com R² > 0,95","Como trabalho acadêmico, quero a estação medindo em dB SPL absoluto, para o número ser comparável com norma e literatura em vez de ser ""o valor subiu"".

Epico: E3 - Hardware / calibração
Frente: Hardware-calibração
Dono: Guilherme Conde
Pontos: 5
Origem no cofre: T9

CRITERIOS DE ACEITE
- Estação e instrumento de referência mediram simultaneamente, lado a lado, mesma altura e mesma distância da fonte
- Foram cobertos ≥3 níveis distintos (~35, ~60 e ~75 dB(A))
- Várias leituras por nível, usando a média
- A regressão estação × referência é linear com R² > 0,95
- O offset (e o ganho, se a inclinação não for 1) virou constante no firmware
- A validação foi repetida depois de fechar a caixa e pôr o windscreen
- As limitações de Calibração estão escritas para entrar no relatório
","Sprint 7","Hardware-calibração,Sprint 7,5 pts,Guilherme Conde,T9","Preparar os 3 ambientes de nível distinto | Medir simultaneamente e registrar os pares | Ajustar a reta e calcular o R² | Investigar não-linearidade, se houver (saturação, piso de ruído, posicionamento) | Gravar a constante de calibração no firmware | Repetir a validação com caixa fechada e windscreen | Anotar o R² obtido em Verificação"
"US-43 Reunião de definição dos 12 pontos e da rota","Como quem vai dirigir no reconhecimento, quero os 12 pontos e a rota decididos em grupo antes de sair, para não passar o dia rodando Curitiba sem saber para onde ir.

Epico: E4 - Campo
Frente: Campo
Dono: Time inteiro
Pontos: 2
Origem no cofre: T3

CRITERIOS DE ACEITE
- Os 12 pontos candidatos estão escolhidos: 6 tipologias × 2 pontos, conforme Amostra Estratificada
- Cada candidato tem endereço de referência e coordenada aproximada, marcados num mapa compartilhado
- As tipologias 3 e 4 estão cobertas com folga — são o par que sustenta o argumento e as últimas a sair em qualquer corte
- O calçadão da XV está entre eles (D-10)
- A rota está agrupada por região, para o carro não cruzar a cidade duas vezes
- Existe pelo menos 1 candidato reserva por tipologia, para o caso de o ponto reprovar nos critérios em campo
- A data do reconhecimento está marcada e quem dirige está definido
- P-17 fechada
","Sprint 2","Campo,Sprint 2,2 pts,Time inteiro,T3","Levantar candidatos por tipologia a partir de Amostra Estratificada | Marcar todos num mapa compartilhado, com endereço de referência | Conferir que as tipologias 3 e 4 estão bem cobertas | Escolher 1 reserva por tipologia | Agrupar por região e desenhar a rota do carro | Marcar a data do reconhecimento e definir quem dirige | Fechar P-17"
"US-21 Reconhecimento e ficha dos 12 pontos","Como grupo, quero cada ponto visitado e fichado antes da primeira medição, para não improvisar posicionamento no dia e perder a comparabilidade entre pontos.

Epico: E4 - Campo
Frente: Campo
Dono: Guilherme Falcão + time
Pontos: 4
Origem no cofre: T3

CRITERIOS DE ACEITE
- Os 12 pontos definidos na US-43 foram visitados
- Cada ponto passou nos 6 critérios de escolha (≥2 m de refletor, sem fonte atípica, espaço para tripé, seguro para 5 pessoas, acessível)
- Candidato que reprovou foi substituído pelo reserva da mesma tipologia, e a troca ficou registrada
- Cada ponto tem ficha completa: ID, tipologia, endereço, coordenada, distância à via, refletor mais próximo, foto e observações
- A linha imaginária de contagem de cada ponto está definida por referência física (Contagem Manual)
- As fichas e fotos estão em /dados
","Sprint 3","Campo,Sprint 3,4 pts,Guilherme Falcão,Time inteiro,T3","Visitar e aplicar os 6 critérios de Amostra Estratificada | Registrar coordenada pelo celular, com média de leituras | Medir e anotar distância à via e ao refletor mais próximo | Definir a linha de contagem de pedestres e veículos por ponto | Fotografar cada ponto e o entorno | Preencher as 12 fichas e commitar em /dados"
"US-22 Ponto-âncora escolhido e registrado","Como pipeline de normalização, quero um ponto de referência fixo definido, para poder comparar uma sessão de terça com uma de sábado.

Epico: E4 - Campo
Frente: Campo
Dono: Guilherme Falcão
Pontos: 2
Origem no cofre: T3, P-04

CRITERIOS DE ACEITE
- O local é central em relação às rotas, para não custar deslocamento
- O ruído do local é estável e previsível — nem parque silencioso, nem via expressa caótica
- É acessível em qualquer horário e clima
- A posição exata está marcada com foto e coordenada, para ser repetida sem dúvida
- O ponto_id reservado da US-07 está associado a ele
- P-04 fechada
","Sprint 4","Campo,Sprint 4,2 pts,Guilherme Falcão,T3,P-04","Levantar 2 ou 3 candidatos pelos critérios de Amostra Estratificada | Medir o candidato em dois horários diferentes para checar estabilidade | Escolher e fotografar a posição exata | Registrar coordenada e associar ao ponto_id reservado | Fechar P-04"
"US-23 Coleta piloto: o ciclo inteiro em 1 ponto","Como grupo, quero levar um único ponto do microfone até o mapa, para descobrir com 1 medição o que custaria refazer com 48.

Epico: E4 - Campo
Frente: Campo
Dono: Time inteiro
Pontos: 3
Origem no cofre: T11

CRITERIOS DE ACEITE
- Sessão completa com âncora no início e no fim
- Medição de 10 min com os 5 papéis ocupados e não acumulados
- Planilha de contagem preenchida e foto do ponto tirada
- CSV copiado do cartão no mesmo dia
- O dado atravessou até aparecer num mapa, sem intervenção manual improvisada
- Tudo que deu errado ficou anotado, mesmo o que já foi resolvido
","Sprint 7","Campo,Sprint 7,3 pts,Time inteiro,T11","Rodar a checklist ""antes de sair"" de Protocolo de Medição | Medir a âncora, o ponto e a âncora de novo | Executar a contagem manual na mesma janela de 10 min | Copiar o CSV e digitalizar a planilha no mesmo dia | Passar o dado pelo pipeline até um mapa | Anotar cada atrito encontrado"
"US-24 Ajustes pós-piloto no protocolo e no firmware","Como grupo prestes a fazer 12 sessões, quero corrigir o que o piloto revelou, para não repetir o mesmo erro 12 vezes.

Epico: E4 - Campo
Frente: Campo
Dono: Time inteiro
Pontos: 3
Origem no cofre: T12

CRITERIOS DE ACEITE
- Cada atrito anotado na US-23 tem destino: corrigido · aceito · vira limitação
- Se o CSV mudou, a mudança está refletida no formato congelado e no pipeline
- O tempo real da sessão foi medido e a quantidade de pontos por sessão foi ajustada ao que cabe
- Protocolo de Medição foi atualizado com o que mudou
- Qualquer decisão nova está em Registro de Decisões
","Sprint 8","Campo,Sprint 8,3 pts,Time inteiro,T12","Revisar a lista de atritos do piloto com os 5 | Corrigir o firmware, se necessário | Ajustar a planilha de contagem, se necessário | Recalcular quantos pontos cabem numa sessão real | Atualizar Protocolo de Medição e Registro de Decisões"
"US-25 Executar as 12 sessões de campo","Como conjunto de dados, quero as 48 medições e as contagens correspondentes, para que exista o que analisar.

Epico: E4 - Campo
Frente: Campo
Dono: Time inteiro
Pontos: sem pontos (janela de calendario)
Origem no cofre: T13

CRITERIOS DE ACEITE
","Sprint 8","Campo,Sprint 8,sem pontos,Time inteiro,T13","a US-25.12 — sessões 1 a 12, cada uma com a checklist completa de Protocolo de Medição | e US-25.R2 — sessões de reserva para chuva | Conferir a cobertura final: 12 pontos × 2 janelas × 2 repetições"
"US-26 Kit de sessão e distribuição de papéis","Como escriba, quero o material pronto antes de cada saída, para a sessão não falhar por falta de uma folha impressa.

Epico: E4 - Campo
Frente: Campo
Dono: Guilherme Falcão
Pontos: 2
Origem no cofre: T13

CRITERIOS DE ACEITE
- A planilha de campo de Contagem Manual está diagramada e pronta para imprimir
- Existe uma folha por ponto por sessão
- O kit físico está montado: tripé, planilhas, canetas, cronômetro, windscreen reserva, cabo USB reserva
- A escala de papéis está definida, com rodízio entre sessões
- Está escrito e comunicado que o operador não conta (Contagem Manual)
","Sprint 7","Campo,Sprint 7,2 pts,Guilherme Falcão,T13","Diagramar a planilha de campo em uma página | Imprimir o lote das primeiras sessões | Montar o kit físico numa mochila só | Definir a escala de rodízio dos 5 papéis | Fazer um ensaio de 10 min de contagem, para calibrar o ritmo"
"US-27 Digitalizar as planilhas no mesmo dia","Como análise de correlação, quero as contagens em planilha digital, para que exista o outro lado do teste da hipótese.

Epico: E5 - Dados / mapa
Frente: Dados-mapa
Dono: Guilherme Falcão
Pontos: 3
Origem no cofre: T14

CRITERIOS DE ACEITE
- As folhas são fotografadas antes de digitar — papel se perde, foto no celular não
- A digitação acontece no mesmo dia da coleta
- Uma linha por ponto por sessão, numa planilha única
- sessao_id e ponto_id batem exatamente com o CSV da estação
- Conferência cruzada: quem digita não é quem contou
- A planilha está em /dados
","Sprint 8","Dados-mapa,Sprint 8,3 pts,Guilherme Falcão,T14","Criar a planilha única com as colunas de Contagem Manual | Fotografar as folhas de cada sessão | Digitar no mesmo dia | Fazer a conferência cruzada | Commitar em /dados a cada sessão"
"US-28 Pipeline: leitura, limpeza e descarte de sessão inválida","Como analista, quero os CSVs de todas as sessões lidos e limpos, para trabalhar sobre um conjunto em que confio.

Epico: E5 - Dados / mapa
Frente: Dados-mapa
Dono: Arthur
Pontos: 5
Origem no cofre: T15

CRITERIOS DE ACEITE
- O pipeline lê todos os CSVs de /dados e junta com a planilha de contagem por sessao_id + ponto_id
- Sessões marcadas como inválidas (chuva, protocolo quebrado) são descartadas explicitamente, com o motivo registrado
- Outliers são sinalizados e investigados, nunca apagados em silêncio
- Toda linha descartada aparece num relatório de limpeza, com contagem
- Roda com os dados das primeiras sessões, sem esperar as 12
","Sprint 9","Dados-mapa,Sprint 9,5 pts,Arthur,T15","Ler e concatenar os CSVs de sessão | Fazer o join com a planilha de contagem manual | Detectar chave órfã (medição sem contagem, e vice-versa) | Implementar o descarte de sessão inválida com motivo | Sinalizar outliers e cruzar com o campo de ocorrências do escriba | Emitir o relatório de limpeza"
"US-29 Normalização pela deriva do ponto-âncora","Como mapa, quero as sessões corrigidas pela deriva medida na âncora, para que a diferença entre dois pontos seja lugar, e não horário.

Epico: E5 - Dados / mapa
Frente: Dados-mapa
Dono: Arthur
Pontos: 5
Origem no cofre: T15

CRITERIOS DE ACEITE
- Para cada sessão, a diferença entre a âncora inicial e a final é calculada
- A correção é aplicada aos pontos daquela sessão
- A conta respeita a natureza logarítmica do dB — média energética, não aritmética
- A fórmula está escrita em prosa em Python para Análise Geoespacial, pronta para o relatório
- Existe um antes/depois mostrando o efeito da normalização em pelo menos uma sessão
- Sessão sem âncora é rejeitada pelo pipeline, não estimada
","Sprint 9","Dados-mapa,Sprint 9,5 pts,Arthur,T15","Extrair as duas leituras de âncora por sessão | Definir e implementar a fórmula de correção | Garantir que a média de dB é energética | Rejeitar sessão sem âncora com erro claro | Gerar o comparativo antes/depois | Escrever a justificativa da fórmula no cofre"
"US-30 Agregação por ponto e por tipologia","Como mapa e como relatório, quero um valor por ponto e um por tipologia, para poder desenhar o marcador e comparar as 6 tipologias entre si.

Epico: E5 - Dados / mapa
Frente: Dados-mapa
Dono: Arthur
Pontos: 3
Origem no cofre: T15

CRITERIOS DE ACEITE
- Cada um dos 12 pontos tem LAeq, Lmax, L10 e L90 agregados das repetições
- A agregação é feita por janela horária também, não só no total
- Existe o agregado por tipologia, com dispersão entre os 2 pontos de cada uma
- O número de medições que sustenta cada agregado aparece junto do valor
- A saída é um CSV único que alimenta o mapa e a análise
","Sprint 10","Dados-mapa,Sprint 10,3 pts,Arthur,T15","Agregar por ponto, respeitando média energética | Agregar por ponto × janela horária | Agregar por tipologia com medida de dispersão | Anexar o N de cada agregado | Exportar o CSV agregado para /dados"
"US-31 GTFS da URBS cruzado com os 12 pontos","Como argumento do trabalho, quero saber quantas linhas e paradas de ônibus existem perto de cada ponto, para que o mapa de ruído converse com a pergunta original do professor.

Epico: E5 - Dados / mapa
Frente: Dados-mapa
Dono: Arthur
Pontos: 3
Origem no cofre: T16

CRITERIOS DE ACEITE
- O feed GTFS da URBS foi baixado, com data de download e licença registradas — vai no relatório
- Para cada um dos 12 pontos existe a contagem de paradas e de linhas num raio definido e declarado
- O raio escolhido está justificado, não é arbitrário
- A camada de rede está pronta para entrar no mapa da US-33
- Se o feed não estiver disponível, isso está registrado como limitação, não escondido
","Sprint 8","Dados-mapa,Sprint 8,3 pts,Arthur,T16","Localizar e baixar o feed GTFS atual da URBS | Registrar data de download, endereço e licença | Carregar stops e routes e projetar corretamente | Definir e justificar o raio de vizinhança | Contar paradas e linhas por ponto | Exportar a camada para o mapa"
"US-32 Correlação LAeq × pedestres × veículos × ônibus","Como pesquisa, quero o teste explícito da hipótese do proxy, para poder afirmar com número se ruído estima demanda ou não.

Epico: E5 - Dados / mapa
Frente: Dados-mapa
Dono: Arthur
Pontos: 5
Origem no cofre: T17

CRITERIOS DE ACEITE
- As três correlações estão calculadas: LAeq × veículos, LAeq × ônibus, LAeq × pedestres
- Cada uma vem com coeficiente, R² e o N que a sustenta
- As medições extrapoladas (sub-janela de 2 min) estão marcadas e o efeito de incluí-las ou não foi verificado
- O ponto do calçadão da XV aparece identificado no gráfico — é o outlier que carrega o argumento
- Existe um gráfico principal, pronto para o pôster e para o stand
- A conclusão está escrita em uma frase, sem hedge
","Sprint 10","Dados-mapa,Sprint 10,5 pts,Arthur,T17","Montar a tabela ponto × LAeq × contagens | Calcular as três correlações com R² e N | Testar a sensibilidade aos dados extrapolados | Gerar o gráfico principal com a XV destacada | Escrever a conclusão em uma frase | Conferir a interpretação contra A Hipótese em Teste"
"US-33 Mapa web publicado no GitHub Pages","Como visitante do stand, quero abrir o mapa e ver os 12 pontos, para explorar o resultado por conta própria.

Epico: E5 - Dados / mapa
Frente: Dados-mapa
Dono: Arthur
Pontos: 5
Origem no cofre: T18

CRITERIOS DE ACEITE
- Os 12 pontos aparecem com marcador graduado por LAeq
- O popup de cada ponto traz tipologia, LAeq, Lmax, L10, L90, contagens e a foto
- A camada de transporte público da US-31 está presente e pode ser ligada/desligada
- O mapa está publicado e o endereço abre de fora da máquina de quem fez
- O QR code do repositório e do mapa foi gerado e testado
","Sprint 11","Dados-mapa,Sprint 11,5 pts,Arthur,T18","Montar o mapa com marcadores graduados | Montar o popup com dados e foto | Adicionar a camada GTFS como camada alternável | Publicar no GitHub Pages | Gerar e testar o QR code | Abrir o endereço de outra máquina para confirmar"
"US-34 O mapa abre no celular, em rede móvel","Como pessoa no corredor da feira, quero abrir o mapa no meu celular, para levar o trabalho embora sem depender do WiFi do evento.

Epico: E5 - Dados / mapa
Frente: Dados-mapa
Dono: Arthur
Pontos: 2
Origem no cofre: T18

CRITERIOS DE ACEITE
- O mapa foi aberto num celular, em rede móvel, fora de casa
- Carrega em tempo razoável e é navegável com o dedo
- As fotos dos popups estão comprimidas o bastante para não travar o carregamento
- O QR code leva direto ao mapa, testado por alguém de fora do grupo
","Sprint 12","Dados-mapa,Sprint 12,2 pts,Arthur,T18","Comprimir as fotos dos popups | Medir o tempo de carregamento em rede móvel | Testar a navegação por toque | Pedir a alguém de fora para abrir pelo QR code"
"US-35 Dataset aberto com dicionário de dados","Como avaliador, quero baixar os dados e entender cada coluna, para verificar o que o grupo afirma.

Epico: E5 - Dados / mapa
Frente: Dados-mapa
Dono: Gustavo Juks
Pontos: 2
Origem no cofre: Entregavel-4

CRITERIOS DE ACEITE
- /dados traz o CSV bruto da estação, a planilha de contagem digitalizada, as fichas dos 12 pontos e o CSV agregado
- Existe dicionário de dados: cada coluna com nome, unidade e significado
- As fotos dos pontos estão no repositório e referenciadas pelas fichas
- Está declarado o que foi descartado e por quê
- A licença dos dados está declarada
","Sprint 11","Dados-mapa,Sprint 11,2 pts,Gustavo Juks,Entregavel-4","Organizar /dados em bruto, intermediário e agregado | Escrever o dicionário de dados | Publicar o relatório de limpeza da US-28 | Declarar a licença"
"US-36 NBR 10151 e a fonte primária da OMS","Como relatório, quero as referências normativas conferidas na fonte, para não ter um número errado atribuído a uma norma derrubando a credibilidade do trabalho inteiro.

Epico: E6 - Escrita / apresentação
Frente: Escrita-apresentação
Dono: Gustavo Juks
Pontos: 2
Origem no cofre: P-10, P-11

CRITERIOS DE ACEITE
- A biblioteca da PUCPR foi consultada sobre acesso ao acervo ABNT (Target GEDWeb ou equivalente)
- Existe resposta: há acesso · não há acesso
- Se houver: a versão vigente foi identificada e o que será citado foi lido no texto oficial
- Se não houver: fica registrado que a norma é citada só como referência, sem reproduzir limites
- A afirmação da OMS sobre exposição noturna foi rastreada até a publicação original, com o número e o contexto conferidos — ou foi retirada
- P-10 e P-11 fechadas
","Sprint 5","Escrita-apresentação,Sprint 5,2 pts,Gustavo Juks,P-10,P-11","Perguntar à biblioteca sobre acesso ao acervo ABNT | Identificar a versão vigente da NBR 10151 no catálogo | Ler o que será citado e anotar em NBR 10151 e Normas | Localizar a publicação original da diretriz da OMS | Conferir número e contexto, ou retirar a afirmação | Fechar P-10 e P-11"
"US-37 Relatório: problema, hipótese e metodologia","Como grupo, quero a metade do relatório que não depende de resultado escrita antes dos resultados existirem, para não escrever 20 páginas na última semana.

Epico: E6 - Escrita / apresentação
Frente: Escrita-apresentação
Dono: Gustavo Juks
Pontos: 5
Origem no cofre: T20

CRITERIOS DE ACEITE
- Seção 1 escrita: problema e a hipótese original do professor
- Seção 2 escrita: por que a hipótese precisa ser testada, com o argumento do calçadão da XV
- Seção 3 escrita: metodologia — estação, calibração por transferência, protocolo, amostra estratificada
- A fórmula de normalização por âncora está explicada em prosa
- As referências da US-36 estão citadas corretamente
- O texto foi lido por alguém do grupo que não escreveu
","Sprint 7","Escrita-apresentação,Sprint 7,5 pts,Gustavo Juks,T20","Escrever problema e hipótese original | Escrever o argumento de por que testar, a partir de A Hipótese em Teste | Escrever a metodologia a partir de Protocolo de Medição e Amostra Estratificada | Escrever a seção de calibração a partir de Calibração | Explicar a normalização por âncora | Revisão cruzada por outro membro"
"US-38 Relatório: resultados, discussão e limitações","Como banca, quero ver o resultado, o que ele significa e o que o trabalho não sustenta, para avaliar maturidade e não só esforço.

Epico: E6 - Escrita / apresentação
Frente: Escrita-apresentação
Dono: Gustavo Juks
Pontos: 5
Origem no cofre: T20

CRITERIOS DE ACEITE
- Seção 4: resultados — o mapa e as três correlações, com R² e N
- Seção 5: discussão — o que o proxy explica e o que não explica
- Seção 6: limitações, cobrindo as quatro de Calibração mais as do desenho amostral
- Está escrito que 12 pontos não sustentam interpolação espacial — o mapa é de pontos, não de superfície
- Está escrito que recomendação real de alocação de linhas exigiria dados de demanda da URBS que o grupo não tem
- Se a janela horária mudou (P-14), isso aparece como limitação
- Seção 7: trabalhos futuros
","Sprint 11","Escrita-apresentação,Sprint 11,5 pts,Gustavo Juks,T20","Escrever os resultados a partir da US-32 | Escrever a discussão do proxy | Escrever as limitações de calibração | Escrever as limitações do desenho amostral | Escrever trabalhos futuros | Revisão final e formatação de entrega"
"US-39 Pôster do stand","Como stand, quero um pôster que carregue o argumento sozinho, para o trabalho comunicar mesmo quando o hardware falhar e ninguém estiver livre para falar.

Epico: E6 - Escrita / apresentação
Frente: Escrita-apresentação
Dono: Gustavo Juks
Pontos: 3
Origem no cofre: T20

CRITERIOS DE ACEITE
- O gráfico principal da US-32 é o elemento central, legível a 2 metros
- A frase que a pessoa tem que levar embora está no pôster, em destaque
- Há foto da estação montada e da montagem interna
- Há QR code do repositório e do mapa
- Impresso com 3 dias de antecedência, não na véspera (Roteiro da Feira)
","Sprint 12","Escrita-apresentação,Sprint 12,3 pts,Gustavo Juks,T20","Definir o layout e a frase de destaque | Montar o gráfico principal em tamanho de pôster | Selecionar as fotos | Inserir os QR codes e testá-los impressos | Enviar para impressão com 3 dias de folga"
"US-40 Roteiro do pitch de 2 minutos","Como qualquer um dos 5, quero saber dar o pitch, para não depender de o ""apresentador oficial"" estar livre quando alguém chegar no stand.

Epico: E6 - Escrita / apresentação
Frente: Escrita-apresentação
Dono: Gustavo Juks
Pontos: 2
Origem no cofre: T20

CRITERIOS DE ACEITE
- O roteiro de 6 passos de Roteiro da Feira está escrito e impresso
- A tabela de perguntas prováveis e respostas curtas está com o grupo
- Os 5 conseguem dar o pitch — não só um
- Alguém explica o argumento do calçadão da XV em menos de 2 minutos
- Está definida a escala de quem fica no stand em cada horário
","Sprint 12","Escrita-apresentação,Sprint 12,2 pts,Gustavo Juks,T20","Escrever o roteiro dos 6 passos | Revisar as respostas às perguntas prováveis | Cada um treina o pitch uma vez, cronometrado | Montar a escala do stand"
"US-41 Vídeo plano B da demo","Como stand, quero um vídeo da estação funcionando, para nunca ficar sem demonstração quando a bateria acabar ou alguém esbarrar na mesa.

Epico: E6 - Escrita / apresentação
Frente: Escrita-apresentação
Dono: João
Pontos: 2
Origem no cofre: T21

CRITERIOS DE ACEITE
- O vídeo mostra a estação ligando, medindo e o número reagindo a som
- Dura menos de 60 segundos
- Está no celular de pelo menos duas pessoas do grupo, offline
- Foi gravado antes do dia da feira, não no dia
- Também está no repositório
","Sprint 12","Escrita-apresentação,Sprint 12,2 pts,João,T21","Roteirizar as tomadas | Gravar com a estação já calibrada e montada | Editar para menos de 60 s | Copiar para 2 celulares e para o repositório"
"US-42 Ensaio do stand com alguém de fora","Como grupo, quero ensaiar com uma pessoa que não conhece o projeto, para descobrir o que não está claro antes de descobrir na banca.

Epico: E6 - Escrita / apresentação
Frente: Escrita-apresentação
Dono: Time inteiro
Pontos: 3
Origem no cofre: T21

CRITERIOS DE ACEITE
- Ensaio completo com a demo ligada e alguém de fora assistindo
- A estação liga e mostra número em menos de 1 minuto
- O mapa abre
- A pessoa de fora consegue repetir a ideia principal com as próprias palavras
- O vídeo plano B está em 2 celulares
- Cabo reserva e power bank carregado estão na mochila
- A checklist do dia de Roteiro da Feira foi percorrida inteira
","Sprint 12","Escrita-apresentação,Sprint 12,3 pts,Time inteiro,T21","Montar o stand completo em casa ou na sala | Rodar o pitch para a pessoa de fora | Cronometrar o boot da estação | Perguntar à pessoa o que ela entendeu, e corrigir o que não passou | Percorrer a checklist do dia | Preparar a mochila com reservas"
